City_ID,City,Country,Date,Lat,Lng,Max Temp,Humidity,Cloudiness,Wind Speed
0,Hobart,AU,2021-03-05 00:21:47,-42.8794,147.3294,55.99,54,75,17.27
1,New%20Norfolk,AU,2021-03-05 00:23:30,-42.7826,147.0587,55.99,55,68,3.0
2,Deputatskiy,RU,2021-03-05 00:23:33,69.3,139.9,-23.78,84,100,10.89
3,Saint%20George,US,2021-03-05 00:21:02,37.1041,-113.5841,62.6,29,1,6.13
4,Kapaa,US,2021-03-05 00:22:03,22.0752,-159.319,72.0,78,75,19.57
5,Filingue,NE,2021-03-05 00:23:35,14.3521,3.3168,79.02,16,0,9.4
6,Elvas,PT,2021-03-05 00:23:37,38.8815,-7.1628,55.0,78,100,1.01
7,Guerrero%20Negro,MX,2021-03-05 00:23:04,27.9769,-114.0611,61.99,60,70,18.3
8,Ushuaia,AR,2021-03-05 00:19:56,-54.8,-68.3,57.2,44,40,10.36
9,Hilo,US,2021-03-05 00:19:02,19.7297,-155.09,78.8,53,1,9.22
10,Xam%20Nua,LA,2021-03-05 00:23:38,20.4197,104.0439,63.27,86,15,2.24
11,La%20Palma,US,2021-03-05 00:23:41,33.8464,-118.0467,66.99,59,20,9.22
12,East%20London,ZA,2021-03-05 00:23:42,-33.0153,27.9116,71.01,83,72,13.33
13,Uruana,BR,2021-03-05 00:23:42,-15.4981,-49.6875,70.21,86,96,2.13
14,Jamestown,US,2021-03-05 00:20:58,42.097,-79.2353,24.01,91,20,11.3
15,Saint-Philippe,RE,2021-03-05 00:23:44,-21.3585,55.7679,77.0,78,40,5.75
16,Lalibela,ET,2021-03-05 00:23:46,12.0333,39.0333,59.85,45,31,6.22
17,Iqaluit,CA,2021-03-05 00:23:48,63.7506,-68.5145,19.4,53,90,14.97
18,Puerto%20Ayora,EC,2021-03-05 00:20:38,-0.7393,-90.3518,75.99,98,49,4.45
19,Punta%20Arenas,CL,2021-03-05 00:23:22,-53.15,-70.9167,57.2,44,90,4.61
20,Arraial%20Do%20Cabo,BR,2021-03-05 00:23:49,-22.9661,-42.0278,78.8,78,40,13.8
21,Otjiwarongo,NA,2021-03-05 00:23:51,-20.4637,16.6477,62.49,55,0,5.23
22,Pisco,PE,2021-03-05 00:23:52,-13.7,-76.2167,75.2,78,0,16.11
23,Norman%20Wells,CA,2021-03-05 00:23:54,65.282,-126.8329,5.0,66,75,16.11
24,Bluff,NZ,2021-03-05 00:23:56,-46.6,168.3333,61.0,62,95,8.01
25,Edd,ER,2021-03-05 00:23:57,13.9297,41.6925,81.7,53,0,5.57
26,Selma,US,2021-03-05 00:24:01,36.5708,-119.6121,68.0,28,1,3.44
27,Lagoa,PT,2021-03-05 00:24:03,39.05,-27.9833,57.51,64,46,5.14
28,Rikitea,PF,2021-03-05 00:24:04,-23.1203,-134.9692,81.81,74,66,6.49
29,Albany,US,2021-03-05 00:20:45,42.6001,-73.9662,26.01,38,28,5.01
30,Severo-Kurilsk,RU,2021-03-05 00:24:06,50.6789,156.125,32.04,97,87,16.44
31,Hithadhoo,MV,2021-03-05 00:24:09,-0.6,73.0833,83.91,62,30,7.72
32,Yar-Sale,RU,2021-03-05 00:24:09,66.8333,70.8333,6.35,95,100,6.8
33,Chokurdakh,RU,2021-03-05 00:24:12,70.6333,147.9167,-9.58,90,100,22.73
34,Honningsvag,NO,2021-03-05 00:24:16,70.9821,25.9704,24.8,80,90,26.46
35,Juneau,US,2021-03-05 00:24:18,58.3019,-134.4197,42.8,70,75,9.22
36,Busselton,AU,2021-03-05 00:24:21,-33.65,115.3333,68.0,98,82,9.98
37,Cherskiy,RU,2021-03-05 00:24:22,68.75,161.3,-15.48,88,100,7.94
38,Mataura,NZ,2021-03-05 00:21:07,-46.1927,168.8643,61.0,62,100,8.01
39,Luderitz,NA,2021-03-05 00:23:14,-26.6481,15.1594,69.19,59,0,14.25
40,Montevideo,UY,2021-03-05 00:24:24,-34.8335,-56.1674,73.4,83,40,9.22
41,Escanaba,US,2021-03-05 00:24:26,45.7453,-87.0646,28.4,59,1,3.74
42,Mehamn,NO,2021-03-05 00:24:27,71.0357,27.8492,24.8,80,90,26.46
43,Iaciara,BR,2021-03-05 00:24:30,-14.0958,-46.6317,72.57,78,79,2.24
44,Vardo,NO,2021-03-05 00:24:30,70.3705,31.1107,17.6,73,40,11.5
45,Manta,EC,2021-03-05 00:20:08,-0.95,-80.7333,82.4,74,75,4.61
46,Kununurra,AU,2021-03-05 00:24:32,-15.7667,128.7333,84.2,47,35,3.44
47,Yarmouth,US,2021-03-05 00:22:51,41.7057,-70.2286,35.6,40,1,6.91
48,Gamboma,CG,2021-03-05 00:20:10,-1.8764,15.8644,77.07,56,45,3.65
49,Presidencia%20Roque%20Saenz%20Pena,AR,2021-03-05 00:24:34,-26.7852,-60.4388,77.0,73,58,1.01
50,Kaitangata,NZ,2021-03-05 00:24:36,-46.2817,169.8464,62.56,53,100,5.68
51,Zlobin,HR,2021-03-05 00:24:38,45.2924,14.6541,48.2,87,75,8.05
52,Marawi,PH,2021-03-05 00:24:40,7.9986,124.2928,72.82,76,11,1.83
53,Lebu,CL,2021-03-05 00:24:41,-37.6167,-73.65,59.68,82,0,16.75
54,Fortuna,US,2021-03-05 00:24:42,40.5982,-124.1573,55.99,62,1,19.57
55,Changtu,CN,2021-03-05 00:24:43,42.7788,124.0955,19.74,92,100,18.23
56,Harper,LR,2021-03-05 00:24:46,4.375,-7.7169,79.43,86,79,9.64
57,Tuatapere,NZ,2021-03-05 00:24:48,-46.1333,167.6833,61.0,62,71,8.01
58,Vaini,TO,2021-03-05 00:22:40,-21.2,-175.2,84.2,70,75,5.75
59,Saldanha,ZA,2021-03-05 00:24:50,-33.0117,17.9442,60.8,77,0,8.05
60,Saskylakh,RU,2021-03-05 00:23:12,71.9167,114.0833,-33.81,80,82,7.25
61,Kaeo,NZ,2021-03-05 00:24:50,-35.1,173.7833,78.01,72,3,5.99
62,Qaanaaq,GL,2021-03-05 00:24:53,77.484,-69.3632,-22.63,65,0,7.81
63,Shenjiamen,CN,2021-03-05 00:24:55,29.9576,122.298,50.22,87,27,5.26
64,Dandong,CN,2021-03-05 00:24:56,40.1292,124.3947,40.41,92,99,4.0
65,Sampues,CO,2021-03-05 00:24:58,9.1836,-75.3817,77.23,75,12,13.0
66,Linxia,CN,2021-03-05 00:24:58,35.6003,103.2064,34.09,69,99,1.21
67,Hermanus,ZA,2021-03-05 00:25:01,-34.4187,19.2345,57.0,93,45,8.52
68,Lasa,IT,2021-03-05 00:25:03,46.6166,10.7002,39.0,93,0,4.61
69,Maua,BR,2021-03-05 00:25:05,-23.6678,-46.4614,72.0,87,100,1.99
70,Necochea,AR,2021-03-05 00:25:10,-38.5473,-58.7368,66.0,85,66,4.0
71,Portland,US,2021-03-05 00:22:47,45.5234,-122.6762,57.99,51,90,6.91
72,Lorengau,PG,2021-03-05 00:25:12,-2.0226,147.2712,83.91,75,94,9.82
73,Tuktoyaktuk,CA,2021-03-05 00:20:42,69.4541,-133.0374,-13.0,70,20,14.97
74,Chuy,UY,2021-03-05 00:25:13,-33.6971,-53.4616,70.41,92,96,7.36
75,Ahipara,NZ,2021-03-05 00:25:14,-35.1667,173.1667,70.68,60,4,6.82
76,Provideniya,RU,2021-03-05 00:25:14,64.3833,-173.3,6.8,78,0,15.66
77,Vao,NC,2021-03-05 00:25:16,-22.6667,167.4833,77.38,77,100,10.07
78,Kattivakkam,IN,2021-03-05 00:25:18,13.2167,80.3167,73.4,88,40,5.06
79,Bredasdorp,ZA,2021-03-05 00:22:43,-34.5322,20.0403,55.4,100,35,1.14
80,Pangnirtung,CA,2021-03-05 00:25:19,66.1451,-65.7125,10.4,56,40,16.11
81,Pacific%20Grove,US,2021-03-05 00:25:23,36.6177,-121.9166,59.0,63,1,10.36
82,Khatanga,RU,2021-03-05 00:24:53,71.9667,102.5,-27.44,77,0,11.74
83,Te%20Anau,NZ,2021-03-05 00:25:25,-45.4167,167.7167,53.15,82,100,3.09
84,Ribeira%20Grande,PT,2021-03-05 00:25:27,38.5167,-28.7,58.32,65,63,6.06
85,Nabire,ID,2021-03-05 00:25:28,-3.3667,135.4833,80.06,80,100,2.01
86,Dukat,RU,2021-03-05 00:25:29,62.55,155.55,-25.19,82,100,20.38
87,Mar%20Del%20Plata,AR,2021-03-05 00:25:29,-38.0023,-57.5575,69.01,88,20,5.75
88,Teocaltiche,MX,2021-03-05 00:25:33,21.4333,-102.5833,84.2,10,20,10.36
89,Bethel,US,2021-03-05 00:25:35,41.3712,-73.414,32.0,32,1,10.36
90,Annonay,FR,2021-03-05 00:25:36,45.2397,4.6708,46.4,81,90,2.3
91,Hay%20River,CA,2021-03-05 00:24:01,60.8156,-115.7999,5.0,85,100,8.05
92,Tasiilaq,GL,2021-03-05 00:25:37,65.6145,-37.6368,33.8,93,90,4.61
93,Pyay,MM,2021-03-05 00:25:39,18.8167,95.2167,62.22,49,20,1.61
94,Talara,PE,2021-03-05 00:25:41,-4.5772,-81.2719,77.23,75,18,5.59
95,Hurghada,EG,2021-03-05 00:22:18,27.2574,33.8129,59.0,41,0,9.22
96,Souillac,MU,2021-03-05 00:25:41,-20.5167,57.5167,75.2,83,40,5.75
97,Alofi,NU,2021-03-05 00:25:43,-19.0595,-169.9187,84.2,79,75,6.91
98,Amazar,RU,2021-03-05 00:25:45,53.858,120.875,-17.82,82,0,2.57
99,Georgetown,MY,2021-03-05 00:21:24,5.4112,100.3354,80.6,88,20,5.68
100,Tobane,BW,2021-03-05 00:25:46,-21.95,27.9,67.44,52,0,4.41
101,Mahebourg,MU,2021-03-05 00:25:47,-20.4081,57.7,75.2,83,40,5.75
102,Yellowknife,CA,2021-03-05 00:25:47,62.456,-114.3525,-2.0,71,90,14.97
103,Norwich,GB,2021-03-05 00:25:50,52.6278,1.2983,39.2,75,75,8.05
104,Abha,SA,2021-03-05 00:25:52,18.2164,42.5053,59.0,88,20,5.75
105,Kingman,US,2021-03-05 00:25:52,35.1894,-114.053,62.6,23,1,5.75
106,Cayenne,GF,2021-03-05 00:24:13,4.9333,-52.3333,79.0,89,20,4.61
107,Lincoln,US,2021-03-05 00:23:00,40.8,-96.667,62.6,29,1,9.22
108,Wahiawa,US,2021-03-05 00:25:54,21.5028,-158.0236,80.6,68,40,12.66
109,Misratah,LY,2021-03-05 00:25:57,32.3754,15.0925,59.11,71,61,21.03
110,Bathsheba,BB,2021-03-05 00:25:59,13.2167,-59.5167,78.8,69,75,19.57
111,Ponta%20Do%20Sol,PT,2021-03-05 00:25:07,32.6667,-17.1,60.01,74,40,1.99
112,Hondo,JP,2021-03-05 00:26:01,32.45,130.2,55.4,94,75,6.91
113,Barrow,US,2021-03-05 00:22:05,71.2906,-156.7887,-25.6,68,90,17.27
114,Dicamay,PH,2021-03-05 00:26:02,16.7561,122.0037,76.75,76,1,0.45
115,Takoradi,GH,2021-03-05 00:26:03,4.8845,-1.7554,79.86,88,58,10.45
116,Taltal,CL,2021-03-05 00:26:03,-25.4,-70.4833,66.4,80,24,3.36
117,Pacifica,US,2021-03-05 00:26:04,37.6138,-122.4869,60.01,76,1,7.34
118,Jerantut,MY,2021-03-05 00:26:05,3.936,102.3626,73.2,94,53,1.28
119,Saint%20Anthony,US,2021-03-05 00:24:56,45.0205,-93.218,44.6,45,75,5.75
120,Pangody,RU,2021-03-05 00:26:06,65.85,74.4859,12.72,96,97,11.1
121,Chabahar,IR,2021-03-05 00:26:08,25.2919,60.643,76.14,55,0,6.06
122,Dinga,PK,2021-03-05 00:26:09,32.6398,73.722,57.2,88,0,5.46
123,Ostrovnoy,RU,2021-03-05 00:26:12,68.0531,39.5131,12.33,94,100,7.9
124,Songkhla,TH,2021-03-05 00:26:13,6.8333,100.6667,78.8,100,20,3.44
125,Bajil,YE,2021-03-05 00:26:15,15.0584,43.2851,77.92,70,1,4.54
126,Kodiak,US,2021-03-05 00:23:59,57.79,-152.4072,35.6,60,1,13.8
127,Veraval,IN,2021-03-05 00:26:16,20.9,70.3667,75.51,45,0,11.79
128,Nsanje,MW,2021-03-05 00:26:16,-16.92,35.262,72.36,95,32,1.32
129,Ambilobe,MG,2021-03-05 00:26:18,-13.2,49.05,75.74,91,100,2.04
130,Upernavik,GL,2021-03-05 00:26:21,72.7868,-56.1549,-14.39,84,21,15.37
131,Tura,IN,2021-03-05 00:26:22,25.5198,90.2201,62.28,31,0,4.52
132,Cape%20Town,ZA,2021-03-05 00:22:57,-33.9258,18.4232,68.0,63,0,17.27
133,Leningradskiy,RU,2021-03-05 00:26:24,69.3833,178.4167,-0.85,91,100,29.68
134,Adre,TD,2021-03-05 00:26:26,13.4667,22.2,67.21,23,60,21.07
135,Russell,US,2021-03-05 00:26:28,32.3502,-85.1999,69.8,41,1,4.94
136,Sibolga,ID,2021-03-05 00:24:11,1.7427,98.7792,76.24,79,23,4.07
137,Cabo%20San%20Lucas,MX,2021-03-05 00:26:29,22.8909,-109.9124,77.0,38,75,5.75
138,Udimskiy,RU,2021-03-05 00:26:30,61.1417,45.9144,0.68,94,78,3.83
139,Port%20Elizabeth,ZA,2021-03-05 00:26:31,-33.918,25.5701,66.2,94,40,4.61
140,Langsa,ID,2021-03-05 00:24:36,4.4683,97.9683,74.8,89,2,1.54
141,Tiksi,RU,2021-03-05 00:26:35,71.6872,128.8694,-22.36,86,91,5.68
142,Codrington,AU,2021-03-05 00:26:36,-38.2667,141.9667,58.59,63,99,12.68
143,Atuona,PF,2021-03-05 00:26:38,-9.8,-139.0333,79.99,76,1,12.62
144,Hualmay,PE,2021-03-05 00:26:39,-11.0964,-77.6139,73.2,78,75,5.1
145,Nivala,FI,2021-03-05 00:26:43,63.9167,24.9667,10.99,85,0,8.99
146,Isangel,VU,2021-03-05 00:26:43,-19.55,169.2667,86.0,79,75,11.5
147,Cheshunt,GB,2021-03-05 00:26:46,51.7079,-0.0374,39.99,65,71,5.01
148,Port%20Lincoln,AU,2021-03-05 00:22:52,-34.7333,135.8667,63.63,76,85,14.2
149,Hasaki,JP,2021-03-05 00:26:50,35.7333,140.8333,55.4,76,75,3.44
150,Carnarvon,AU,2021-03-05 00:24:58,-24.8667,113.6333,75.2,94,12,9.22
151,Salvador,SV,2021-03-05 00:26:52,13.8333,-88.9167,84.2,61,0,8.05
152,Mount%20Gambier,AU,2021-03-05 00:23:18,-37.8333,140.7667,64.4,63,90,14.97
153,Taunggyi,MM,2021-03-05 00:26:53,20.7833,97.0333,51.44,54,2,3.27
154,Auki,SB,2021-03-05 00:23:20,-8.7676,160.7034,79.66,80,100,5.75
155,Lewistown,US,2021-03-05 00:26:56,40.5992,-77.5714,30.2,51,40,16.11
156,Kingaroy,AU,2021-03-05 00:26:56,-26.5333,151.8333,82.99,50,0,4.61
157,Nanortalik,GL,2021-03-05 00:26:58,60.1432,-45.2371,32.4,97,99,6.4
158,Thompson,CA,2021-03-05 00:25:23,55.7435,-97.8558,28.4,64,75,5.75
159,Tahoua,NE,2021-03-05 00:26:59,14.8888,5.2692,77.0,15,0,4.61
160,Talnakh,RU,2021-03-05 00:27:02,69.4865,88.3972,-3.93,89,100,9.24
161,Caravelas,BR,2021-03-05 00:22:11,-17.7125,-39.2481,75.02,82,15,4.76
162,Egvekinot,RU,2021-03-05 00:25:42,66.3167,-179.1667,0.68,96,100,8.66
163,Salalah,OM,2021-03-05 00:27:05,17.0151,54.0924,71.6,56,0,2.3
164,Nikolskoye,RU,2021-03-05 00:27:09,59.7035,30.7861,23.0,80,0,13.42
165,Coquimbo,CL,2021-03-05 00:27:11,-29.9533,-71.3436,62.6,88,90,3.44
166,Lavrentiya,RU,2021-03-05 00:27:13,65.5833,-171.0,8.26,93,100,23.2
167,Reconquista,AR,2021-03-05 00:27:15,-29.15,-59.65,73.31,83,87,4.56
168,Kurilsk,RU,2021-03-05 00:27:17,45.2333,147.8833,35.73,88,100,13.51
169,Smithers,CA,2021-03-05 00:27:18,54.7804,-127.1743,46.4,39,75,9.22
170,Faanui,PF,2021-03-05 00:27:20,-16.4833,-151.75,83.73,71,72,7.43
171,Jaguarari,BR,2021-03-05 00:27:23,-10.2639,-40.1958,75.56,59,86,7.27
172,Rabat,MA,2021-03-05 00:26:23,33.9911,-6.8401,59.0,100,75,3.44
173,Marsa%20Matruh,EG,2021-03-05 00:27:26,31.3525,27.2453,48.2,76,0,5.23
174,Mana,GF,2021-03-05 00:27:29,5.6592,-53.7767,77.7,83,78,11.77
175,Muros,ES,2021-03-05 00:27:31,42.7762,-9.0603,51.01,89,96,5.66
176,Imbituba,BR,2021-03-05 00:27:31,-28.24,-48.6703,75.2,94,75,11.5
177,Yamada,JP,2021-03-05 00:27:34,39.4667,141.95,50.77,69,68,9.89
178,Port%20Shepstone,ZA,2021-03-05 00:27:35,-30.7414,30.455,72.7,86,65,6.42
179,Tiznit,MA,2021-03-05 00:27:36,29.5833,-9.5,53.06,84,38,3.71
180,Syedove,UA,2021-03-05 00:27:37,47.0768,38.156,35.01,100,30,11.99
181,Bazarnyy%20Syzgan,RU,2021-03-05 00:27:38,53.7512,46.7535,25.23,98,100,2.55
182,Raga,SS,2021-03-05 00:27:38,8.4596,25.678,72.36,20,20,5.86
183,Sovetskiy,RU,2021-03-05 00:27:42,61.3614,63.5842,3.9,94,27,3.22
184,Morant%20Bay,JM,2021-03-05 00:27:43,17.8815,-76.4093,80.6,69,75,8.05
185,Ancud,CL,2021-03-05 00:27:25,-41.8697,-73.8203,59.0,72,0,3.44
186,Trairi,BR,2021-03-05 00:27:44,-3.2778,-39.2689,80.06,77,100,8.39
187,Chicama,PE,2021-03-05 00:27:46,-7.8447,-79.1469,73.4,83,75,10.36
188,Pochutla,MX,2021-03-05 00:27:47,15.7432,-96.4661,84.2,58,40,11.5
189,Avarua,CK,2021-03-05 00:23:47,-21.2078,-159.775,84.2,79,100,8.05
190,Chara,RU,2021-03-05 00:27:48,56.9064,118.2631,-26.28,64,0,1.12
191,Constitucion,CL,2021-03-05 00:27:50,-35.3333,-72.4167,61.36,78,0,15.55
192,Pontes%20E%20Lacerda,BR,2021-03-05 00:27:51,-15.2261,-59.3353,74.25,89,71,2.3
193,Canar,EC,2021-03-05 00:27:52,-2.55,-78.9333,59.0,94,99,2.3
194,Santa%20Maria,BR,2021-03-05 00:27:54,-29.6842,-53.8069,68.0,100,75,3.44
195,Komsomolskiy,UZ,2021-03-05 00:27:55,40.4272,71.7189,41.0,81,90,23.02
196,Sambava,MG,2021-03-05 00:27:57,-14.2667,50.1667,75.49,91,88,5.14
197,Kahului,US,2021-03-05 00:27:59,20.8947,-156.47,80.6,50,40,18.41
198,San%20Juan%20De%20Abajo,MX,2021-03-05 00:28:00,20.8167,-105.1833,75.2,78,1,12.66
199,Manokwari,ID,2021-03-05 00:28:02,-0.8667,134.0833,82.96,68,100,3.78
200,Bambous%20Virieux,MU,2021-03-05 00:28:03,-20.3428,57.7575,75.2,83,40,5.75
201,Pachino,IT,2021-03-05 00:28:08,36.7186,15.0907,48.2,87,20,3.44
202,Burnie,AU,2021-03-05 00:28:09,-41.0667,145.9167,63.0,53,1,18.01
203,Hambantota,LK,2021-03-05 00:28:10,6.1241,81.1185,71.6,100,16,3.44
204,Khani,GE,2021-03-05 00:28:11,41.9563,42.9566,26.6,100,0,5.75
205,Galesong,ID,2021-03-05 00:28:11,-5.3166,119.3661,78.8,89,20,2.3
206,Annau,TM,2021-03-05 00:28:12,37.8876,58.516,46.4,71,90,11.5
207,Namatanai,PG,2021-03-05 00:28:13,-3.6667,152.4333,84.88,68,84,3.6
208,Boa%20Vista,BR,2021-03-05 00:25:13,2.8197,-60.6733,86.0,58,75,6.91
209,Goroka,PG,2021-03-05 00:28:14,-6.0834,145.3873,72.05,67,100,1.03
210,Cockburn%20Town,TC,2021-03-05 00:25:23,21.4612,-71.1419,77.0,78,20,5.75
211,Samfya,ZM,2021-03-05 00:28:16,-11.3649,29.5565,65.89,85,97,4.29
212,Port%20Alfred,ZA,2021-03-05 00:28:16,-33.5906,26.891,66.99,92,44,1.99
213,Hami,CN,2021-03-05 00:28:16,42.8,93.45,32.5,75,59,6.35
214,Turka,UA,2021-03-05 00:28:18,49.1541,23.0297,42.01,83,100,2.84
215,Smidovich,RU,2021-03-05 00:28:20,48.6,133.8167,19.33,96,100,16.11
216,Berdigestyakh,RU,2021-03-05 00:27:50,62.0989,126.6992,-27.8,83,57,8.28
217,Tautira,PF,2021-03-05 00:28:22,-17.7333,-149.15,86.0,66,40,6.91
218,Bereda,ES,2021-03-05 00:28:23,43.2686,-7.5406,46.99,100,50,3.0
219,Weymouth,US,2021-03-05 00:28:24,42.2209,-70.9398,33.8,27,1,12.66
220,Sangar,RU,2021-03-05 00:28:25,63.9242,127.4739,-36.24,81,90,6.82
221,Tamandare,BR,2021-03-05 00:28:27,-8.7597,-35.1047,77.59,84,3,7.67
222,Butaritari,KI,2021-03-05 00:28:28,3.0707,172.7902,81.88,77,95,20.2
223,Matara,LK,2021-03-05 00:28:29,5.9485,80.5353,72.23,85,0,4.41
224,Mmabatho,ZA,2021-03-05 00:28:29,-25.85,25.6333,62.6,77,51,2.3
225,Pevek,RU,2021-03-05 00:28:31,69.7008,170.3133,-0.15,93,100,4.32
226,Touros,BR,2021-03-05 00:28:32,-5.1989,-35.4608,78.8,83,20,5.75
227,Lata,PT,2021-03-05 00:28:33,40.1629,-8.3327,55.99,81,100,3.47
228,Kavieng,PG,2021-03-05 00:28:35,-2.5744,150.7967,84.09,74,88,8.5
229,Kruisfontein,ZA,2021-03-05 00:28:35,-34.0033,24.7314,64.99,92,24,9.71
230,Castro,BR,2021-03-05 00:27:15,-24.7911,-50.0119,64.09,96,100,7.27
231,Novokayakent,RU,2021-03-05 00:28:38,42.3937,47.9861,32.0,80,65,11.18
232,Nyagan,RU,2021-03-05 00:28:39,62.1406,65.3936,6.75,95,65,4.97
233,Avera,US,2021-03-05 00:28:40,33.194,-82.5271,62.01,38,1,3.44
234,Los%20Llanos%20De%20Aridane,ES,2021-03-05 00:28:41,28.6585,-17.9182,64.4,72,0,5.75
235,Oranjestad,AW,2021-03-05 00:23:55,12.524,-70.027,78.8,73,20,17.27
236,Carbonera,IT,2021-03-05 00:28:42,45.6806,12.2883,48.2,81,90,3.44
237,Ottumwa,US,2021-03-05 00:28:43,41.02,-92.4113,42.8,75,1,16.11
238,Kenosha,US,2021-03-05 00:28:43,42.5667,-88.0501,28.4,74,1,6.91
239,Longyearbyen,SJ,2021-03-05 00:28:44,78.2186,15.6401,5.0,66,75,16.11
240,Baykit,RU,2021-03-05 00:28:46,61.67,96.37,-1.1,89,100,3.02
241,Bonnyville,CA,2021-03-05 00:28:47,54.2668,-110.735,41.0,56,20,12.66
242,Bengkulu,ID,2021-03-05 00:28:49,-3.8004,102.2655,76.86,82,94,4.41
243,Klaksvik,FO,2021-03-05 00:28:50,62.2266,-6.589,33.8,86,75,9.35
244,Orlik,RU,2021-03-05 00:28:52,52.5178,99.825,-10.97,77,3,2.1
245,Jinka,ET,2021-03-05 00:28:53,5.65,36.65,69.03,66,92,2.35
246,Matay,EG,2021-03-05 00:28:55,28.419,30.7792,51.17,76,0,8.95
247,Sabang,ID,2021-03-05 00:28:56,5.8933,95.3214,82.15,77,9,8.88
248,Bachaquero,VE,2021-03-05 00:28:58,9.9694,-71.1494,82.51,59,0,5.23
249,Petropolis,RU,2021-03-05 00:27:22,59.8944,30.2642,23.0,80,0,13.42
250,Alice%20Springs,AU,2021-03-05 00:28:59,-23.7,133.8833,87.01,9,0,13.8
251,Victoria,HK,2021-03-05 00:24:17,22.2855,114.1577,69.01,89,97,13.31
252,Geraldton,AU,2021-03-05 00:28:21,-28.7667,114.6,71.6,83,0,5.75
253,Acarau,BR,2021-03-05 00:29:00,-2.8856,-40.12,80.49,77,93,11.25
254,Mayo,US,2021-03-05 00:29:02,38.8876,-76.5119,43.0,42,90,19.57
255,Teguldet,RU,2021-03-05 00:29:03,57.3064,88.1667,22.53,95,100,10.2
256,Gazanjyk,TM,2021-03-05 00:29:05,39.2446,55.5154,42.1,68,17,14.27
257,Madera,US,2021-03-05 00:29:06,37.1666,-119.8343,69.8,30,1,5.75
258,Yatou,CN,2021-03-05 00:29:08,37.15,122.3833,44.01,89,69,6.51
259,Klin,RU,2021-03-05 00:29:09,56.3333,36.7333,23.0,80,20,8.95
260,Bundaberg,AU,2021-03-05 00:29:10,-24.85,152.35,84.99,50,40,8.05
261,Opuwo,NA,2021-03-05 00:29:11,-18.0607,13.84,68.65,49,24,3.71
262,Innisfail,AU,2021-03-05 00:29:12,-17.5333,146.0333,82.13,68,71,4.74
263,Mapiri,BO,2021-03-05 00:29:13,-15.25,-68.1667,70.56,86,100,0.72
264,Havre-Saint-Pierre,CA,2021-03-05 00:29:15,50.2334,-63.5986,24.8,86,90,9.22
265,Atherton,GB,2021-03-05 00:29:16,53.5237,-2.4935,39.99,63,22,1.99
266,Aleksandrov%20Gay,RU,2021-03-05 00:29:17,50.147,48.5704,30.99,94,0,19.24
267,Husavik,IS,2021-03-05 00:26:43,66.0449,-17.3389,39.2,70,75,11.5
268,Torbay,CA,2021-03-05 00:29:18,47.6666,-52.7314,30.0,86,1,13.8
269,Salur,IN,2021-03-05 00:29:19,18.5333,83.2167,69.46,56,47,1.83
270,Carthage,TN,2021-03-05 00:26:07,36.8611,10.3316,51.8,87,20,4.61
271,Englewood,US,2021-03-05 00:26:31,39.6478,-104.9878,39.0,87,90,13.8
272,Bayanday,RU,2021-03-05 00:29:21,53.0661,105.5139,-14.19,83,46,5.28
273,Aranos,NA,2021-03-05 00:29:21,-24.1333,19.1167,73.71,37,0,11.79
274,El%20Alto,PE,2021-03-05 00:29:23,-4.2714,-81.2147,75.15,76,20,6.11
275,Gonc,HU,2021-03-05 00:29:24,48.4667,21.2833,41.0,100,99,4.61
276,Eenhana,NA,2021-03-05 00:29:26,-17.4667,16.3333,73.4,56,39,2.3
277,Pavlovka,RU,2021-03-05 00:29:27,52.6897,47.1405,30.49,97,100,12.71
278,Viedma,AR,2021-03-05 00:29:28,-40.8135,-62.9967,62.78,73,67,13.89
279,Bonavista,CA,2021-03-05 00:29:29,48.6499,-53.1147,33.01,80,97,8.05
280,Lahad%20Datu,MY,2021-03-05 00:29:30,5.0268,118.327,76.23,91,62,5.44
281,Rovaniemi,FI,2021-03-05 00:25:22,66.5,25.7167,10.4,92,0,12.66
282,Quelimane,MZ,2021-03-05 00:29:32,-17.8786,36.8883,73.76,97,70,5.28
283,Sola,VU,2021-03-05 00:29:34,-13.8833,167.55,80.6,83,90,11.5
284,Bezhanitsy,RU,2021-03-05 00:29:36,56.9767,29.8907,23.92,94,44,6.64
285,Yulara,AU,2021-03-05 00:29:37,-25.2406,130.9889,84.2,13,53,11.5
286,La%20Ronge,CA,2021-03-05 00:29:39,55.1001,-105.2842,39.2,56,89,6.91
287,Port%20Blair,IN,2021-03-05 00:29:39,11.6667,92.75,80.6,83,40,3.44
288,Uray,RU,2021-03-05 00:29:41,60.1247,64.7758,6.87,95,85,5.06
289,Koson,UZ,2021-03-05 00:29:42,39.0375,65.585,39.2,70,0,11.5
290,Aventura,US,2021-03-05 00:25:08,25.9565,-80.1392,70.0,60,75,6.91
291,Talcahuano,CL,2021-03-05 00:29:43,-36.7167,-73.1167,64.4,77,0,11.5
292,Ilulissat,GL,2021-03-05 00:25:16,69.2167,-51.1,21.2,79,86,8.05
293,Rio%20Grande,BR,2021-03-05 00:25:08,-32.035,-52.0986,69.01,98,100,9.71
294,Carbonear,CA,2021-03-05 00:29:44,47.7332,-53.2148,30.99,86,1,13.8
295,Salva,RO,2021-03-05 00:29:45,47.3,24.35,40.68,73,97,1.36
296,Buchanan,LR,2021-03-05 00:29:47,5.8808,-10.0467,77.0,94,40,6.46
297,Vestmannaeyjar,IS,2021-03-05 00:29:47,63.4427,-20.2734,40.95,74,79,7.65
298,Altona,DE,2021-03-05 00:29:49,53.55,9.9333,30.2,80,53,9.22
299,Brezovica%20Pri%20Ljubljani,SI,2021-03-05 00:29:50,46.0333,14.4,44.01,80,40,1.14
300,Naze,JP,2021-03-05 00:29:52,28.3667,129.4833,68.0,60,40,9.22
301,Vila%20Velha,BR,2021-03-05 00:25:16,-20.3297,-40.2925,78.01,78,0,4.61
302,Pokhara,NP,2021-03-05 00:29:54,28.2333,83.9833,58.33,34,0,5.79
303,Chifeng,CN,2021-03-05 00:29:54,42.2683,118.9636,15.75,92,100,15.19
304,Yaan,NG,2021-03-05 00:29:54,7.3833,8.5667,79.72,17,1,5.84
305,Udachnyy,RU,2021-03-05 00:29:56,66.4167,112.4,-33.03,70,21,5.77
306,Mao,ES,2021-03-05 00:29:56,39.8885,4.2658,46.4,93,0,5.75
307,Ufimskiy,RU,2021-03-05 00:29:58,56.7084,58.0517,21.85,96,86,11.7
308,Bonthe,SL,2021-03-05 00:29:59,7.5264,-12.505,78.87,88,74,9.31
309,Cidreira,BR,2021-03-05 00:30:01,-30.1811,-50.2056,72.07,94,100,10.18
310,Muisne,EC,2021-03-05 00:30:05,0.6,-80.0333,78.1,87,55,7.11
311,Carndonagh,IE,2021-03-05 00:30:05,55.25,-7.2667,33.57,91,0,7.18
312,Kulhudhuffushi,MV,2021-03-05 00:30:08,6.6221,73.07,82.2,75,0,13.31
313,Bowen,AU,2021-03-05 00:26:25,-20.0167,148.2333,82.4,65,75,12.66
314,Margate,GB,2021-03-05 00:30:09,51.3813,1.3862,39.99,76,100,8.01
315,Port-Gentil,GA,2021-03-05 00:27:31,-0.7193,8.7815,82.4,89,40,3.44
316,Koppang,NO,2021-03-05 00:30:11,61.5706,11.0555,17.38,90,5,4.45
317,Dikson,RU,2021-03-05 00:30:12,73.5069,80.5464,-29.2,82,4,12.3
318,Guaratinga,BR,2021-03-05 00:30:14,-16.5667,-39.5667,78.8,65,20,8.05
319,Hamilton,US,2021-03-05 00:26:37,39.1834,-84.5333,37.99,63,0,3.0
320,Strezhevoy,RU,2021-03-05 00:30:16,60.7333,77.5889,15.8,92,90,2.24
321,Bafra,TR,2021-03-05 00:30:17,41.5678,35.9069,28.4,93,0,4.61
322,Acapulco,MX,2021-03-05 00:27:25,16.8634,-99.8901,82.4,69,1,4.61
323,Esperance,AU,2021-03-05 00:30:19,-33.8667,121.9,73.4,73,40,13.8
324,Santa%20Isabel%20Do%20Rio%20Negro,BR,2021-03-05 00:30:21,-0.4139,-65.0192,73.53,98,100,2.68
325,Christchurch,NZ,2021-03-05 00:30:16,-43.5333,172.6333,70.0,39,13,12.66
326,Fort%20Nelson,CA,2021-03-05 00:30:06,58.8053,-122.7002,12.2,67,75,4.61
327,Kenai,US,2021-03-05 00:30:22,60.5544,-151.2583,28.4,58,1,6.91
328,Zaterechnyy,RU,2021-03-05 00:30:23,44.7931,45.2097,33.35,90,0,5.12
329,Raudeberg,NO,2021-03-05 00:26:27,61.9875,5.1352,33.8,80,75,8.05
330,Soyo,AO,2021-03-05 00:30:24,-6.1349,12.3689,79.9,88,99,6.71
331,Nueva%20Guinea,NI,2021-03-05 00:30:26,11.6876,-84.4562,69.19,83,83,8.28
332,Boralday,KZ,2021-03-05 00:30:27,43.3578,76.8594,32.0,100,90,6.71
333,Yeppoon,AU,2021-03-05 00:30:28,-23.1333,150.7333,82.4,47,20,10.36
334,Sistranda,NO,2021-03-05 00:30:30,63.7256,8.834,32.0,86,75,10.36
335,Albion,US,2021-03-05 00:26:54,42.2431,-84.753,28.4,50,1,6.29
336,Sarkand,KZ,2021-03-05 00:30:30,45.41,79.9186,32.92,93,100,8.39
337,Panzhihua,CN,2021-03-05 00:30:31,26.5851,101.7128,48.99,56,0,1.16
338,Tatawin,TN,2021-03-05 00:30:32,32.9297,10.4518,66.2,24,19,14.97
339,Acevedo,CO,2021-03-05 00:30:32,1.8361,-75.855,65.03,88,99,0.16
340,Maturin,VE,2021-03-05 00:30:34,9.75,-63.1767,72.75,95,0,5.99
341,Satipo,PE,2021-03-05 00:26:07,-11.2522,-74.6386,74.12,76,98,1.99
342,Clyde%20River,CA,2021-03-05 00:30:36,70.4692,-68.5914,-25.6,75,1,11.5
343,Narsaq,GL,2021-03-05 00:30:36,60.9167,-46.05,51.8,28,90,20.71
344,North%20Bend,US,2021-03-05 00:30:37,43.4065,-124.2243,55.99,76,90,14.97
345,Papar,MY,2021-03-05 00:30:37,5.7333,115.9333,78.8,89,20,3.44
346,Huarmey,PE,2021-03-05 00:30:39,-10.0681,-78.1522,73.81,77,49,5.77
347,Seidu,SL,2021-03-05 00:30:40,9.0167,-10.6,72.59,91,84,4.45
348,Mabaruma,GY,2021-03-05 00:30:41,8.2,-59.7833,72.75,98,87,3.4
349,Roald,NO,2021-03-05 00:30:42,62.5833,6.1333,32.0,100,75,2.3
350,Eureka,US,2021-03-05 00:29:47,40.8021,-124.1637,55.99,62,1,19.57
351,Elat,IL,2021-03-05 00:30:42,29.5581,34.9482,53.6,66,0,5.75
352,Dzilam%20Gonzalez,MX,2021-03-05 00:30:43,21.2833,-88.9333,71.13,82,11,4.94
353,Sencha,UA,2021-03-05 00:30:44,50.2548,33.346,33.76,98,100,6.93
354,Zhezkazgan,KZ,2021-03-05 00:30:45,47.8043,67.7144,12.2,96,1,10.94
355,Maues,BR,2021-03-05 00:30:47,-3.3836,-57.7186,74.44,89,0,2.3
356,George%20Town,MY,2021-03-05 00:30:15,5.4112,100.3354,81.0,88,20,5.35
357,Korhogo,CI,2021-03-05 00:30:49,9.45,-5.6333,80.08,52,13,6.42
358,Kariba,ZW,2021-03-05 00:30:51,-16.5167,28.8,68.32,91,3,2.1
359,Aklavik,CA,2021-03-05 00:30:52,68.2191,-135.0107,-9.4,64,20,10.36
360,Cabo%20Rojo,PR,2021-03-05 00:30:53,18.0866,-67.1457,78.01,79,0,1.01
361,Katsuura,JP,2021-03-05 00:30:54,35.1333,140.3,55.0,71,75,8.05
362,Airai,TL,2021-03-05 00:30:28,-8.9266,125.4092,71.76,77,44,0.81
363,Oxford,GB,2021-03-05 00:30:56,51.7522,-1.256,39.2,65,75,12.66
364,Oranjemund,NA,2021-03-05 00:30:58,-28.55,16.4333,61.11,85,0,7.9
365,Natchez,US,2021-03-05 00:31:00,31.5604,-91.4032,64.4,48,1,2.98
366,Florence,IT,2021-03-05 00:31:00,43.7667,11.25,50.0,76,75,4.61
367,Jega,NG,2021-03-05 00:31:02,12.2175,4.3792,79.09,16,0,11.27
368,Bridlington,GB,2021-03-05 00:31:02,54.0831,-0.1919,39.0,67,100,4.0
369,Beloha,MG,2021-03-05 00:31:04,-25.1667,45.05,71.82,96,3,2.86
370,Roebourne,AU,2021-03-05 00:31:05,-20.7833,117.1333,85.14,44,0,11.95
371,Lecco,IT,2021-03-05 00:31:06,45.8533,9.3905,46.99,76,80,1.01
372,Arlit,NE,2021-03-05 00:31:07,18.7369,7.3853,74.32,18,0,11.97
373,Mogadishu,SO,2021-03-05 00:31:09,2.0371,45.3438,77.7,81,95,15.82
374,Kota%20Bahru,MY,2021-03-05 00:31:09,6.1333,102.2386,80.6,78,20,8.05
375,Wukari,NG,2021-03-05 00:31:09,7.85,9.7833,76.95,18,0,4.36
376,Alenquer,BR,2021-03-05 00:31:10,-1.9417,-54.7383,75.2,100,40,2.3
377,Cap-Aux-Meules,CA,2021-03-05 00:31:10,47.3821,-61.8597,19.4,93,100,23.02
378,Ondjiva,AO,2021-03-05 00:31:12,-17.0667,15.7333,65.8,69,17,2.44
379,Oga,IT,2021-03-05 00:31:13,46.4631,10.347,41.0,86,27,4.61
380,Owando,CG,2021-03-05 00:31:15,-0.4819,15.8999,75.61,69,62,2.57
381,Pingzhuang,CN,2021-03-05 00:31:16,42.0372,119.2889,16.83,87,100,18.97
382,Thenzawl,IN,2021-03-05 00:31:16,23.3167,92.75,56.14,57,0,2.33
383,Atambua,ID,2021-03-05 00:31:17,-9.1061,124.8925,81.23,75,0,1.88
384,Mbanza-Ngungu,CD,2021-03-05 00:31:18,-5.25,14.8667,68.85,97,58,2.35
385,Labuhan,ID,2021-03-05 00:31:19,-6.8844,112.2051,76.89,81,100,3.09
386,Taoudenni,ML,2021-03-05 00:28:06,22.6783,-3.9836,68.25,23,0,11.01
387,Seaford,GB,2021-03-05 00:31:20,50.7714,0.1027,39.0,71,1,8.01
388,Luba,GQ,2021-03-05 00:31:21,3.4568,8.5547,78.8,83,20,4.61
389,Trat,TH,2021-03-05 00:31:22,12.5,102.5,80.01,99,16,1.72
390,Tilichiki,RU,2021-03-05 00:31:23,60.4667,166.1,-16.42,82,92,16.31
391,Tabou,CI,2021-03-05 00:31:25,4.423,-7.3528,78.76,88,100,8.32
392,Kalmunai,LK,2021-03-05 00:31:26,7.4167,81.8167,74.03,83,18,7.27
393,Palmer,US,2021-03-05 00:31:28,42.1584,-72.3287,30.2,31,1,17.27
394,Plettenberg%20Bay,ZA,2021-03-05 00:31:29,-34.0527,23.3716,63.57,85,52,5.64
395,Saint-Pierre,RE,2021-03-05 00:31:30,-21.3393,55.4781,77.0,78,40,5.75
396,Tevaitoa,PF,2021-03-05 00:31:31,-16.7833,-151.5,82.81,74,95,8.16
397,Batsfjord,NO,2021-03-05 00:31:32,70.6345,29.7185,17.6,73,40,11.5
398,Kamenka,RU,2021-03-05 00:31:34,51.3223,42.7678,37.99,92,100,11.97
399,Oktyabrskiy,RU,2021-03-05 00:30:20,54.4815,53.471,23.54,96,100,7.45
400,Chokwe,MZ,2021-03-05 00:31:36,-24.5333,32.9833,67.69,97,1,4.76
401,Davila,PH,2021-03-05 00:31:36,18.4726,120.5763,78.8,78,20,2.3
402,Winnemucca,US,2021-03-05 00:31:37,40.973,-117.7357,59.0,14,1,9.22
403,San%20Quintin,MX,2021-03-05 00:31:37,30.4833,-115.95,59.04,70,100,13.27
404,Najran,SA,2021-03-05 00:31:38,17.4924,44.1277,64.4,29,0,3.98
405,Sabla,NG,2021-03-05 00:31:40,12.7525,4.7077,78.28,16,0,12.21
406,Itarema,BR,2021-03-05 00:31:40,-2.9248,-39.9167,80.51,77,100,11.7
407,Varhaug,NO,2021-03-05 00:31:31,58.6147,5.6457,30.0,86,0,21.77
408,Douentza,ML,2021-03-05 00:31:41,14.9951,-2.9517,74.1,20,0,6.06
409,Grindavik,IS,2021-03-05 00:31:42,63.8424,-22.4338,39.2,93,90,4.61
410,Ust-Omchug,RU,2021-03-05 00:31:43,61.15,149.6333,-21.35,79,100,3.53
411,Nome,US,2021-03-05 00:31:44,64.5011,-165.4064,8.6,78,90,33.38
412,Portage,US,2021-03-05 00:31:46,41.1667,-81.1998,25.0,63,90,12.66
413,Hue,VN,2021-03-05 00:31:47,16.4667,107.6,71.6,94,40,3.44
414,San%20Patricio,US,2021-03-05 00:31:49,28.017,-97.5169,69.8,68,1,18.41
415,Nyurba,RU,2021-03-05 00:29:34,63.2842,118.3319,-30.12,83,18,7.18
416,Naigarhi,IN,2021-03-05 00:31:50,24.7833,81.7833,64.42,26,94,8.14
417,Chany,RU,2021-03-05 00:31:52,55.3121,76.7647,27.28,97,100,20.47
418,Fairbanks,US,2021-03-05 00:30:06,64.8378,-147.7164,15.01,72,1,3.44
419,Kosai,JP,2021-03-05 00:31:52,34.7105,137.5316,57.0,67,100,5.01
420,Skeldon,GY,2021-03-05 00:31:54,5.8833,-57.1333,76.08,89,100,8.14
421,Aykhal,RU,2021-03-05 00:29:00,66.0,111.5,-31.45,74,17,7.85
422,Guane,CU,2021-03-05 00:31:55,22.2025,-84.0875,70.47,79,2,7.45
423,Catamarca,AR,2021-03-05 00:30:59,-28.4696,-65.7852,64.99,81,0,1.01
424,Khudumelapye,BW,2021-03-05 00:31:57,-23.8833,24.75,73.49,41,91,3.2
425,Half%20Moon%20Bay,US,2021-03-05 00:28:32,37.4636,-122.4286,62.6,76,1,5.57
426,Cabinda,AO,2021-03-05 00:31:59,-5.55,12.2,79.86,88,98,6.49
427,Jaisalmer,IN,2021-03-05 00:32:00,26.9147,70.9181,68.13,22,0,5.08
428,Hanko,FI,2021-03-05 00:32:02,59.8333,22.95,24.01,67,0,1.01
429,Xai-Xai,MZ,2021-03-05 00:32:02,-25.0519,33.6442,72.99,91,49,2.51
430,Clive,US,2021-03-05 00:29:12,41.603,-93.7241,42.8,75,20,12.66
431,Dublin,US,2021-03-05 00:31:11,37.7021,-121.9358,63.0,55,1,10.36
432,Padang,ID,2021-03-05 00:32:04,-0.9492,100.3543,75.2,100,20,4.61
433,Lukoyanov,RU,2021-03-05 00:32:05,55.0277,44.4786,19.92,98,100,4.54
434,Iranshahr,IR,2021-03-05 00:32:07,27.2025,60.6848,66.2,39,0,6.91
435,Mishelevka,RU,2021-03-05 00:32:08,52.8575,103.1719,-1.62,90,7,9.42
436,Ndele,CF,2021-03-05 00:32:10,8.4109,20.6473,72.91,21,32,5.55
437,Belmonte,BR,2021-03-05 00:32:12,-15.8631,-38.8828,78.8,65,20,8.05
438,San%20Cristobal,VE,2021-03-05 00:32:12,7.7669,-72.225,80.6,65,40,2.3
439,Karlskrona,SE,2021-03-05 00:32:12,56.1616,15.5866,26.6,80,0,4.61
440,Dingle,PH,2021-03-05 00:32:14,10.9995,122.6711,81.46,78,44,14.58
441,Barcelos,PT,2021-03-05 00:32:15,41.5388,-8.6151,53.6,94,75,5.75
442,Richards%20Bay,ZA,2021-03-05 00:29:51,-28.783,32.0377,68.56,82,0,5.28
443,Tari,NG,2021-03-05 00:32:17,12.4086,4.4914,78.76,16,0,11.52
444,Hurricane,US,2021-03-05 00:29:53,37.1753,-113.2899,62.6,35,1,9.22
445,Kathu,TH,2021-03-05 00:32:18,7.9178,98.3332,86.0,83,20,2.3
446,Nenjiang,CN,2021-03-05 00:32:20,49.1833,125.2167,-5.42,80,0,16.08
447,Vostok,RU,2021-03-05 00:28:04,46.4856,135.8833,32.07,99,87,10.22
448,Laguna,US,2021-03-05 00:32:20,38.421,-121.4238,66.99,39,1,5.75
449,Asfi,MA,2021-03-05 00:32:22,32.2994,-9.2372,59.22,82,100,11.21
450,Umm%20Lajj,SA,2021-03-05 00:32:22,25.0213,37.2685,64.69,38,0,14.2
451,Buin,CL,2021-03-05 00:32:23,-33.7333,-70.75,84.2,50,0,10.36
452,Benjamin%20Constant,BR,2021-03-05 00:32:24,-4.3831,-70.0311,77.0,100,75,2.75
453,Praya,CV,2021-03-05 00:32:26,14.9215,-23.5087,68.0,77,20,20.71
454,Sao%20Raimundo%20Das%20Mangabeiras,BR,2021-03-05 00:32:27,-7.0219,-45.4811,74.53,90,10,1.28
455,Hirara,JP,2021-03-05 00:32:00,24.8,125.2833,69.8,83,75,10.36
456,Kutum,SD,2021-03-05 00:32:28,14.2,24.6667,53.94,37,76,9.19
457,Ranong,TH,2021-03-05 00:32:24,9.9658,98.6348,80.6,74,20,4.61
458,Sao%20Felix%20Do%20Xingu,BR,2021-03-05 00:32:28,-6.6447,-51.995,72.36,95,99,2.42
459,Dawei,MM,2021-03-05 00:32:30,14.0833,98.2,78.71,74,0,2.26
460,Barra%20Do%20Bugres,BR,2021-03-05 00:32:31,-15.0725,-57.1811,73.02,94,55,4.88
461,Henties%20Bay,NA,2021-03-05 00:32:33,-22.116,14.2845,70.77,63,0,5.41
462,Benguela,AO,2021-03-05 00:32:33,-12.5763,13.4055,74.53,84,100,2.21
463,Ventspils,LV,2021-03-05 00:32:35,57.3894,21.5606,30.2,55,0,9.22
464,Haines%20Junction,CA,2021-03-05 00:32:36,60.7522,-137.5108,24.8,46,98,3.44
465,Wattegama,LK,2021-03-05 00:32:38,6.7989,81.4808,71.6,100,0,3.44
466,Ongandjera,NA,2021-03-05 00:32:38,-17.8833,15.0667,72.68,43,0,6.33
467,Bilibino,RU,2021-03-05 00:32:40,68.0546,166.4372,-18.11,83,100,6.89
468,Tsaratanana,MG,2021-03-05 00:32:41,-16.7833,47.65,71.38,86,100,1.86
469,Barberton,ZA,2021-03-05 00:32:43,-25.7884,31.0532,66.2,82,0,1.14
470,Traiguen,CL,2021-03-05 00:32:44,-38.25,-72.6833,61.3,68,0,5.86
471,Rawson,AR,2021-03-05 00:32:46,-43.3002,-65.1023,60.08,82,3,10.45
472,Gotsu,JP,2021-03-05 00:32:47,35.0,132.2167,51.8,93,75,4.61
473,Wanning,CN,2021-03-05 00:32:49,18.8003,110.3967,75.67,83,2,3.94
474,Birjand,IR,2021-03-05 00:32:50,32.8663,59.2211,53.6,22,75,11.5
475,Sitka,US,2021-03-05 00:30:47,57.0531,-135.33,42.8,61,90,3.44
476,Vidim,RU,2021-03-05 00:32:52,56.4088,103.1106,-4.65,87,80,6.26
477,Waipawa,NZ,2021-03-05 00:32:52,-41.4122,175.5153,66.2,48,0,24.16
478,Haradok,BY,2021-03-05 00:32:54,55.4624,29.9816,22.24,95,0,6.62
479,Itaqui,BR,2021-03-05 00:32:56,-29.1253,-56.5531,70.05,88,90,7.09
480,Santo%20Tomas,PH,2021-03-05 00:32:56,14.1079,121.1414,84.99,69,20,4.61
481,La%20Cruz,MX,2021-03-05 00:32:56,23.9167,-106.9,72.0,73,100,4.0
482,Carutapera,BR,2021-03-05 00:32:58,-1.195,-46.02,75.96,91,32,4.14
483,Aanekoski,FI,2021-03-05 00:32:59,62.6946,25.818,15.01,79,0,6.91
484,Coria,ES,2021-03-05 00:33:01,39.9879,-6.5377,53.01,80,100,1.01
485,Bosaso,SO,2021-03-05 00:33:02,11.2842,49.1816,74.64,82,7,2.42
486,Chernushka,RU,2021-03-05 00:32:27,56.5072,56.0766,21.76,96,99,18.48
487,Vadso,NO,2021-03-05 00:33:04,70.0744,29.7487,21.2,73,40,11.5
488,Ketchikan,US,2021-03-05 00:33:05,55.3422,-131.6461,42.8,87,90,6.91
489,Marshall,US,2021-03-05 00:33:05,34.3834,-86.3333,60.8,36,1,5.75
490,Savona,IT,2021-03-05 00:30:06,44.3,8.2667,52.0,99,99,1.77
491,Nalut,LY,2021-03-05 00:33:07,30.3333,10.85,57.25,36,95,11.3
492,Ajdabiya,LY,2021-03-05 00:33:08,30.7554,20.2263,55.18,55,100,5.14
493,Fonte%20Boa,BR,2021-03-05 00:33:10,-2.4959,-66.2662,72.32,98,16,1.52
494,Mirnyy,RU,2021-03-05 00:33:10,62.5353,113.9611,-21.93,85,50,7.27
495,Lujan,AR,2021-03-05 00:33:13,-34.5703,-59.105,75.99,89,0,6.51
496,Dunedin,NZ,2021-03-05 00:33:13,-45.8742,170.5036,61.0,60,100,23.0
497,Kapiri%20Mposhi,ZM,2021-03-05 00:33:14,-13.9652,28.6809,62.19,97,100,2.68
498,Coihaique,CL,2021-03-05 00:31:13,-45.5752,-72.0662,66.2,55,0,4.61
499,Pirgos,GR,2021-03-05 00:33:16,35.1167,25.7178,48.99,81,0,10.36
500,Camacha,PT,2021-03-05 00:33:17,33.0833,-16.3333,62.6,88,40,17.27
501,Muroto,JP,2021-03-05 00:33:19,33.2833,134.15,55.4,94,75,4.61
502,Beyneu,KZ,2021-03-05 00:33:20,45.3167,55.2,31.64,91,0,8.81
503,Toora-Khem,RU,2021-03-05 00:33:20,52.4675,96.11,-2.78,88,33,2.66
504,Carbonia,IT,2021-03-05 00:33:22,39.1672,8.5222,57.2,94,20,10.36
505,Islampur,IN,2021-03-05 00:33:22,26.2667,88.2,62.19,35,0,2.84
506,Novopokrovka,UA,2021-03-05 00:33:24,49.8425,36.5477,39.2,87,90,8.95
507,Camacupa,AO,2021-03-05 00:33:25,-12.0167,17.4833,59.97,95,100,3.71
508,Bardiyah,LY,2021-03-05 00:33:26,31.7561,25.0865,54.84,76,0,6.85
509,Zhigansk,RU,2021-03-05 00:32:59,66.7697,123.3711,-32.04,82,13,0.81
510,Kemalpasa,TR,2021-03-05 00:33:28,38.4262,27.4173,35.6,75,0,2.3
511,Nishihara,JP,2021-03-05 00:33:29,26.1842,127.7558,68.0,73,75,11.5
512,Tabuk,PH,2021-03-05 00:33:31,17.4189,121.4443,78.1,75,3,5.75
513,Adrar,MR,2021-03-05 00:29:05,20.5022,-10.0711,69.96,19,100,9.31
514,Sao%20Filipe,CV,2021-03-05 00:33:32,14.8961,-24.4956,70.09,78,100,12.91
515,Bull%20Savanna,JM,2021-03-05 00:33:34,17.8868,-77.5902,73.54,79,79,0.96
516,Meulaboh,ID,2021-03-05 00:33:35,4.1363,96.1285,78.6,86,2,3.85
517,Jacqueville,CI,2021-03-05 00:33:37,5.2052,-4.4146,84.2,89,75,5.75
518,North%20Platte,US,2021-03-05 00:30:05,41.1239,-100.7654,59.0,31,1,8.05
519,High%20Level,CA,2021-03-05 00:33:37,58.5169,-117.136,26.6,74,90,8.84
520,Biltine,TD,2021-03-05 00:33:39,14.5333,20.9167,70.97,20,38,21.63
521,Keighley,GB,2021-03-05 00:33:40,53.8679,-1.9066,39.0,90,62,1.01
522,Kampene,CD,2021-03-05 00:33:42,-3.6,26.6667,68.63,85,100,1.57
523,Westport,US,2021-03-05 00:33:44,41.1415,-73.3579,33.8,32,1,21.85
524,Atop-Atop,PH,2021-03-05 00:33:45,11.2322,123.7602,80.65,80,23,16.04
525,Gondar,ET,2021-03-05 00:33:45,12.6,37.4667,57.78,52,0,4.97
526,Vilyuysk,RU,2021-03-05 00:33:47,63.7553,121.6247,-27.81,84,19,6.58
527,Rio%20Gallegos,AR,2021-03-05 00:33:47,-51.6226,-69.2181,55.4,76,0,21.85
528,Matagami,CA,2021-03-05 00:33:49,49.7502,-77.6328,1.4,42,20,21.85
529,Maarianhamina,AX,2021-03-05 00:33:45,60.0973,19.9348,23.0,93,0,3.44
530,Lazaro%20Cardenas,MX,2021-03-05 00:30:09,17.9583,-102.2,75.2,77,13,6.33
531,Kalabo,ZM,2021-03-05 00:33:51,-14.97,22.6814,66.13,87,100,4.81
532,Sur,OM,2021-03-05 00:33:52,22.5667,59.5289,77.52,41,0,4.03
533,Yanaul,RU,2021-03-05 00:33:54,56.2719,54.9309,20.53,96,100,17.13
534,Obidos,BR,2021-03-05 00:32:14,-1.9175,-55.5181,76.28,82,100,2.26
535,Volzhskiy,RU,2021-03-05 00:33:55,48.7858,44.7797,35.01,86,0,24.61
536,Havoysund,NO,2021-03-05 00:33:56,70.9963,24.6622,23.0,93,90,10.36
537,Manacapuru,BR,2021-03-05 00:33:57,-3.2997,-60.6206,75.2,100,0,3.38
538,Changli,CN,2021-03-05 00:33:57,39.7042,119.1506,36.63,71,96,21.25
539,Wajir,KE,2021-03-05 00:33:59,1.7471,40.0573,75.04,67,100,13.82
540,Huilong,CN,2021-03-05 00:34:00,31.8111,121.655,48.99,92,90,1.99
541,Jalingo,NG,2021-03-05 00:31:08,8.8833,11.3667,77.4,18,0,5.19
542,Ontario,US,2021-03-05 00:34:02,34.0633,-117.6509,69.01,34,20,5.75
543,Gunjur,GM,2021-03-05 00:34:04,13.2019,-16.7339,71.6,64,21,6.91
544,Teacapan,MX,2021-03-05 00:34:05,22.55,-105.75,71.04,57,96,8.77
545,Toma,BF,2021-03-05 00:34:06,12.7667,-2.8833,83.01,15,49,14.09
546,Along,IN,2021-03-05 00:34:07,28.1667,94.7667,58.87,80,100,1.41
547,Santa%20Adelia,BR,2021-03-05 00:34:08,-21.2428,-48.8042,69.71,82,100,4.43
548,Nelson%20Bay,AU,2021-03-05 00:34:08,-32.7167,152.15,77.0,53,75,11.5
549,Sulangan,PH,2021-03-05 00:34:08,11.1373,123.7228,80.83,79,17,15.23
550,Lima,PE,2021-03-05 00:31:37,-12.0432,-77.0282,73.99,83,0,8.05
551,Port%20Keats,AU,2021-03-05 00:34:09,-14.25,129.55,88.03,70,100,8.39
552,Khandbari,NP,2021-03-05 00:34:09,27.3747,87.2039,54.37,39,0,3.6
553,Inuvik,CA,2021-03-05 00:34:11,68.3499,-133.7218,-7.6,64,0,6.91
554,Vanimo,PG,2021-03-05 00:34:11,-2.6741,141.3028,86.22,62,76,6.31
555,Helena,US,2021-03-05 00:30:14,46.5927,-112.0361,53.6,35,1,3.44
556,Axim,GH,2021-03-05 00:34:12,4.8699,-2.2405,79.77,88,33,9.6
557,Phulji,PK,2021-03-05 00:34:13,26.8825,67.6807,68.67,24,0,5.08
558,Andenes,NO,2021-03-05 00:34:13,69.3143,16.1194,28.4,59,100,9.13
559,Ponnani,IN,2021-03-05 00:34:14,10.767,75.9252,73.4,83,20,2.3
560,Labuan,MY,2021-03-05 00:34:15,5.2767,115.2417,78.8,94,20,6.31
561,Ossora,RU,2021-03-05 00:34:17,59.2353,163.0719,-6.61,79,0,12.37
562,Gannan,CN,2021-03-05 00:34:18,47.9147,123.5031,4.89,69,0,16.02
563,Umba,RU,2021-03-05 00:34:20,66.6871,34.3429,5.63,93,54,6.13
564,Jalu,LY,2021-03-05 00:30:34,29.0331,21.5482,53.44,45,100,7.67
565,Morondava,MG,2021-03-05 00:34:21,-20.2833,44.2833,76.68,88,100,14.65
566,Maxixe,MZ,2021-03-05 00:34:23,-23.8597,35.3472,73.54,92,8,4.92
567,Evensk,RU,2021-03-05 00:33:13,61.95,159.2333,-17.59,71,100,6.62
568,Gigmoto,PH,2021-03-05 00:34:24,13.7796,124.39,81.48,71,5,11.3
569,Papetoai,PF,2021-03-05 00:34:24,-17.4961,-149.8729,86.0,66,40,5.75
570,Ejea%20De%20Los%20Caballeros,ES,2021-03-05 00:34:24,42.1263,-1.1372,48.2,93,90,2.3
571,Biak,ID,2021-03-05 00:34:25,-0.9131,122.8766,82.78,63,100,0.67
572,Lithakia,GR,2021-03-05 00:34:26,37.7167,20.8333,42.8,87,0,4.61
573,Grand%20Gaube,MU,2021-03-05 00:34:27,-20.0064,57.6608,73.99,81,60,1.59
574,Walvis%20Bay,NA,2021-03-05 00:34:27,-22.9575,14.5053,72.5,55,0,10.71
575,Surazh,RU,2021-03-05 00:34:28,53.0175,32.3918,24.24,97,34,6.49
576,Whitehorse,CA,2021-03-05 00:30:00,60.7161,-135.0538,28.0,63,75,8.05
577,Kamiiso,JP,2021-03-05 00:34:30,41.8167,140.65,46.4,81,75,4.61
578,Reno,US,2021-03-05 00:32:50,39.5296,-119.8138,60.8,11,20,12.66
579,Gillette,US,2021-03-05 00:34:31,44.2911,-105.5022,57.2,28,1,3.44
580,Kisoro,UG,2021-03-05 00:34:31,-1.2854,29.685,66.2,77,75,5.75
581,Nunkini,MX,2021-03-05 00:34:32,20.3333,-90.1833,78.8,83,40,17.27
582,Olavarria,AR,2021-03-05 00:30:12,-36.8927,-60.3225,72.0,71,0,3.0
583,Dabakala,CI,2021-03-05 00:34:32,8.3667,-4.4333,80.64,69,99,7.49
584,Sioux%20Lookout,CA,2021-03-05 00:34:34,50.1001,-91.917,30.2,59,40,2.77
585,Conakry,GN,2021-03-05 00:34:34,9.538,-13.6773,79.2,77,87,5.88
586,Kungurtug,RU,2021-03-05 00:34:35,50.5994,97.5228,-0.13,81,0,2.91
587,Yantal,RU,2021-03-05 00:34:36,56.8471,105.2542,-10.08,83,100,5.97
588,Bermejo,AR,2021-03-05 00:34:38,-32.8833,-68.8,84.2,51,20,3.44
589,Barcelona,ES,2021-03-05 00:31:49,41.3888,2.159,54.0,82,20,4.61
590,Kushmurun,KZ,2021-03-05 00:34:40,52.4503,64.6311,22.75,97,100,23.87
591,Mali,GN,2021-03-05 00:34:41,12.079,-12.2982,89.6,14,0,4.61
592,Mtwango,TZ,2021-03-05 00:34:43,-9.0167,34.8,59.07,97,100,2.59
593,Vangaindrano,MG,2021-03-05 00:34:45,-23.35,47.6,74.98,92,96,3.85
594,Hofn,IS,2021-03-05 00:34:46,64.2539,-15.2082,40.24,67,0,4.7
595,Saint-Augustin,CA,2021-03-05 00:34:47,51.226,-58.6502,23.4,97,100,12.59
596,Martil,MA,2021-03-05 00:34:47,35.6166,-5.2752,59.0,88,100,8.05
597,Minas,UY,2021-03-05 00:34:47,-34.3759,-55.2377,72.0,94,40,3.44
598,Broome,US,2021-03-05 00:34:49,42.2506,-75.833,21.99,58,20,17.27
599,Anton%20Lizardo,MX,2021-03-05 00:34:50,19.05,-95.9833,75.99,78,40,10.36
600,Sinnamary,GF,2021-03-05 00:30:30,5.3833,-52.95,77.85,84,100,10.47
601,Qui%20Nhon,VN,2021-03-05 00:31:23,13.7667,109.2333,76.71,81,6,3.62
602,Ponta%20Delgada,PT,2021-03-05 00:34:53,37.7333,-25.6667,55.4,76,20,13.8
603,Yerbogachen,RU,2021-03-05 00:34:54,61.2767,108.0108,-16.73,86,87,9.55
604,Mecca,SA,2021-03-05 00:34:55,21.4267,39.8261,66.54,55,0,7.23
605,Bud,US,2021-03-05 00:34:55,39.447,-86.1758,39.99,62,0,7.99
606,Luganville,VU,2021-03-05 00:34:56,-15.5333,167.1667,72.32,93,100,1.99
607,Baculin,PH,2021-03-05 00:34:57,7.4525,126.5842,82.31,70,71,10.09
608,Port%20Hedland,AU,2021-03-05 00:34:59,-20.3167,118.5667,80.6,61,3,9.22
609,Beroroha,MG,2021-03-05 00:35:00,-21.6667,45.1667,73.58,88,100,2.26
610,Lugovoy,KZ,2021-03-05 00:35:01,42.9472,72.7644,31.91,96,100,7.94
611,Kyshtovka,RU,2021-03-05 00:35:04,56.555,76.6271,27.01,97,100,15.9
612,Kloulklubed,PW,2021-03-05 00:35:04,7.0419,134.2556,84.2,70,75,12.66
613,Kashi,CN,2021-03-05 00:35:05,39.4547,75.9797,46.4,39,20,4.47
614,Gat,IL,2021-03-05 00:35:06,31.61,34.7642,51.01,100,3,3.47
615,Ugoofaaru,MV,2021-03-05 00:35:08,5.6667,73.0,81.39,78,12,15.7
616,Zavallya,UA,2021-03-05 00:35:08,48.2135,30.0156,39.6,84,100,5.37
617,Bucerias,MX,2021-03-05 00:31:53,20.75,-105.3333,75.2,78,1,12.66
618,Murmashi,RU,2021-03-05 00:35:10,68.8154,32.8115,12.2,92,75,6.71
619,Mamallapuram,IN,2021-03-05 00:35:11,12.6264,80.1722,71.6,94,20,2.3
620,Goure,NE,2021-03-05 00:35:11,13.9835,10.2704,75.0,13,0,5.01
621,Buenos%20Aires,AR,2021-03-05 00:31:27,-34.6132,-58.3772,78.01,83,40,11.5
622,Wote,KE,2021-03-05 00:35:13,-1.7808,37.6288,65.3,75,82,2.1
623,Almeirim,BR,2021-03-05 00:35:14,-1.5233,-52.5817,75.18,92,72,4.54
624,Naranjito,EC,2021-03-05 00:35:15,-2.2167,-79.4833,84.2,65,75,8.05
625,Llanes,ES,2021-03-05 00:35:17,43.4198,-4.7549,55.99,82,1,8.01
626,Camara%20De%20Lobos,PT,2021-03-05 00:35:18,32.6333,-16.9667,62.6,72,20,2.3
627,Zelenoborskiy,RU,2021-03-05 00:35:20,66.845,32.3622,12.99,94,48,5.73
628,Llano%20Largo,PA,2021-03-05 00:35:21,7.9,-80.4333,77.36,68,0,17.96
629,Hudson%20Bay,CA,2021-03-05 00:35:23,52.85,-102.3842,29.55,99,99,6.35
630,Gulu,UG,2021-03-05 00:35:24,2.7746,32.299,69.73,55,0,1.77
631,Kabare,CD,2021-03-05 00:35:24,-2.4683,28.8242,62.17,82,100,1.28
632,Mazagao,BR,2021-03-05 00:35:26,-0.115,-51.2894,80.6,94,40,5.75
633,Shimoda,JP,2021-03-05 00:35:26,34.6667,138.95,53.6,87,75,9.22
634,Lokosovo,RU,2021-03-05 00:35:27,61.1333,74.8167,14.04,97,100,4.18
635,Vila%20Franca%20Do%20Campo,PT,2021-03-05 00:35:28,37.7167,-25.4333,55.4,76,20,13.8
636,Vrangel,RU,2021-03-05 00:35:28,42.7297,133.0839,39.06,74,100,3.98
637,Tobol,KZ,2021-03-05 00:35:31,52.6844,62.5794,26.26,95,100,23.98
638,Aracuai,BR,2021-03-05 00:35:33,-16.8497,-42.0703,69.04,73,47,1.99
639,Rundu,NA,2021-03-05 00:35:33,-17.9333,19.7667,67.6,63,94,3.49
640,Aasiaat,GL,2021-03-05 00:35:34,68.7098,-52.8699,13.41,95,90,6.76
641,Suruc,TR,2021-03-05 00:35:35,36.9761,38.425,39.2,81,0,11.5
642,Hovd,MN,2021-03-05 00:35:36,48.0056,91.6419,12.79,71,0,1.77
643,Botou,CN,2021-03-05 00:35:37,38.0667,116.5667,54.34,70,38,10.31
644,Seoul,KR,2021-03-05 00:32:32,37.5683,126.9778,42.8,87,0,2.3
645,Makakilo%20City,US,2021-03-05 00:35:39,21.3469,-158.0858,80.6,50,75,6.91
646,Aykino,RU,2021-03-05 00:35:40,62.2248,49.9922,2.44,94,100,5.73
647,Bone,DE,2021-03-05 00:35:40,51.9669,12.1396,37.0,94,100,1.99
648,Bolshaya%20Martynovka,RU,2021-03-05 00:35:41,47.271,41.6679,35.38,86,0,17.74
649,Odweyne,SO,2021-03-05 00:35:42,9.4092,45.064,62.44,74,0,7.58
650,Dao,PH,2021-03-05 00:35:44,11.3937,122.6856,81.18,79,8,10.92
651,Alta%20Floresta,BR,2021-03-05 00:35:45,-9.8756,-56.0861,71.53,97,99,3.15
652,Ahuimanu,US,2021-03-05 00:35:47,21.4447,-157.8378,77.0,61,40,12.66
653,Atar,MR,2021-03-05 00:32:25,20.5169,-13.0499,69.82,19,55,9.48
654,Kermen,BG,2021-03-05 00:35:49,42.5,26.25,48.0,93,1,2.93
655,Rensvik,NO,2021-03-05 00:35:50,63.1,7.8167,32.0,86,75,13.8
656,Santiago%20De%20Cao,PE,2021-03-05 00:35:51,-7.9589,-79.2392,73.4,83,75,10.36
657,San%20Jeronimo,PE,2021-03-05 00:32:35,-11.9472,-75.2829,49.66,70,98,3.65
658,Quebo,GW,2021-03-05 00:35:52,11.3333,-14.9333,69.31,84,1,4.41
659,Batamshinskiy,KZ,2021-03-05 00:35:52,50.5594,58.2747,24.8,93,11,40.26
660,Blagoyevo,RU,2021-03-05 00:35:54,63.3667,47.9167,-4.54,91,94,3.91
661,La%20Trinidad,PH,2021-03-05 00:35:55,16.455,120.5875,69.53,76,2,1.81
662,Naryan-Mar,RU,2021-03-05 00:35:56,67.6713,53.087,-0.2,92,100,13.44
663,Governador%20Valadares,BR,2021-03-05 00:35:57,-18.8511,-41.9494,70.2,83,3,1.57
664,Maniitsoq,GL,2021-03-05 00:35:58,65.4167,-52.9,32.32,88,1,9.73
665,Liverpool,GB,2021-03-05 00:34:13,53.4106,-2.9779,37.4,75,75,6.91
666,Karakol,KG,2021-03-05 00:31:19,42.4907,78.3936,31.69,81,100,3.0
667,Pointe%20Michel,DM,2021-03-05 00:36:00,15.25,-61.3833,77.56,77,22,13.49
668,Balikpapan,ID,2021-03-05 00:36:01,-1.2675,116.8289,78.8,89,20,4.61
669,Nuuk,GL,2021-03-05 00:36:02,64.1835,-51.7216,37.4,70,22,3.44
670,Dunda,TZ,2021-03-05 00:36:04,-8.1167,34.25,64.24,95,100,0.56
671,Lompoc,US,2021-03-05 00:36:04,34.6391,-120.4579,59.0,63,1,14.97
672,Kholtoson,RU,2021-03-05 00:36:06,50.2981,103.3097,4.12,89,0,2.62
673,Rocha,UY,2021-03-05 00:36:08,-34.4833,-54.3333,67.68,95,65,3.06
674,Pedernales,DO,2021-03-05 00:36:09,18.0384,-71.744,76.23,70,35,1.97
675,Anadyr,RU,2021-03-05 00:35:17,64.75,177.4833,1.4,78,75,8.95
676,Sakakah,SA,2021-03-05 00:31:49,29.9697,40.2064,48.2,61,0,13.8
677,Coos%20Bay,US,2021-03-05 00:36:11,43.3665,-124.2179,55.0,76,90,14.97
678,Palm%20City,US,2021-03-05 00:36:12,27.1678,-80.2662,66.2,68,90,6.91
679,Spirit%20River,CA,2021-03-05 00:36:13,55.7833,-118.8361,35.6,60,100,12.66
680,Ust-Uda,RU,2021-03-05 00:33:33,54.1742,103.0304,-8.45,86,0,2.53
681,Marzuq,YE,2021-03-05 00:36:14,14.4,46.4667,58.05,44,0,4.0
682,Tarko-Sale,RU,2021-03-05 00:32:11,64.9225,77.785,13.87,96,100,12.57
683,Sorong,ID,2021-03-05 00:36:14,-0.8833,131.25,82.56,75,100,2.01
684,Kenora,CA,2021-03-05 00:32:41,49.8167,-94.4337,39.2,45,20,4.61
685,Lamu,KE,2021-03-05 00:31:29,-2.2717,40.902,77.09,87,3,9.93
686,Ono,JP,2021-03-05 00:36:16,34.85,134.9333,53.6,82,75,13.8
687,Berlevag,NO,2021-03-05 00:36:18,70.8578,29.0864,25.43,88,100,14.14
688,Flinders,AU,2021-03-05 00:36:20,-34.5833,150.8552,72.0,65,51,8.99
689,Dolores,AR,2021-03-05 00:36:21,-36.3132,-57.6792,67.08,96,1,4.47
690,Terrace,CA,2021-03-05 00:36:19,54.5163,-128.6035,35.6,93,90,3.44
691,Pasni,PK,2021-03-05 00:36:22,25.2631,63.471,73.76,80,0,0.69
692,Akyab,MM,2021-03-05 00:36:23,20.15,92.9,68.79,89,70,4.99
693,Autun,FR,2021-03-05 00:36:25,46.95,4.3,46.99,93,90,3.44
694,Laem%20Sing,TH,2021-03-05 00:33:07,12.4816,102.0738,80.01,99,91,2.48
695,Mount%20Pleasant,US,2021-03-05 00:35:49,32.7941,-79.8626,57.0,62,1,7.2
696,Peniche,PT,2021-03-05 00:36:26,39.3558,-9.3811,57.0,90,100,13.0
697,Hadejia,NG,2021-03-05 00:36:28,12.4498,10.0444,70.34,20,0,9.46
698,Sawang%20Daen%20Din,TH,2021-03-05 00:36:29,17.4753,103.4575,82.0,85,2,4.59
699,Machico,PT,2021-03-05 00:36:31,32.7,-16.7667,62.6,72,20,2.3
700,Santa%20Fe,AR,2021-03-05 00:36:32,-31.6333,-60.7,78.01,77,9,1.99
701,Awbari,LY,2021-03-05 00:36:33,26.5921,12.7805,60.01,31,0,23.78
